<?xml version="1.0" encoding="UTF-8"?>
<GenRun Id="impl_1" LaunchPart="xc7a100tcsg324-1" LaunchTime="1479633492">
  <File Type="OPT-DCP" Name="LAB6_2_opt.dcp"/>
  <File Type="RUN-CONSTRS" Name="$PDATADIR/runs/impl_1/constrs_in.xml"/>
  <File Type="RUN-SRCS" Name="$PDATADIR/runs/impl_1/sources.xml"/>
  <File Type="PWROPT-DCP" Name="LAB6_2_pwropt.dcp"/>
  <File Type="ROUTE-DCP" Name="LAB6_2_routed.dcp"/>
  <File Type="PA-TCL" Name="LAB6_2.tcl"/>
  <File Type="RUN-STRAT" Name="$PDATADIR/runs/impl_1/impl_1.psg"/>
  <File Type="OPT-DRC" Name="LAB6_2_drc_opted.rpt"/>
  <File Type="PWROPT-DRC" Name="LAB6_2_drc_pwropted.rpt"/>
  <File Type="OPT-HWDEF" Name="LAB6_2.hwdef"/>
  <File Type="PLACE-DCP" Name="LAB6_2_placed.dcp"/>
  <File Type="PLACE-IO" Name="LAB6_2_io_placed.rpt"/>
  <File Type="PLACE-CLK" Name="LAB6_2_clock_utilization_placed.rpt"/>
  <File Type="PLACE-UTIL" Name="LAB6_2_utilization_placed.rpt"/>
  <File Type="PLACE-UTIL-PB" Name="LAB6_2_utilization_placed.pb"/>
  <File Type="PLACE-CTRL" Name="LAB6_2_control_sets_placed.rpt"/>
  <File Type="PLACE-SIMILARITY" Name="LAB6_2_incremental_reuse_placed.rpt"/>
  <File Type="PLACE-PRE-SIMILARITY" Name="LAB6_2_incremental_reuse_pre_placed.rpt"/>
  <File Type="POSTPLACE-PWROPT-DCP" Name="LAB6_2_postplace_pwropt.dcp"/>
  <File Type="PHYSOPT-DCP" Name="LAB6_2_physopt.dcp"/>
  <File Type="RDI-RDI" Name="LAB6_2.vdi"/>
  <File Type="PHYSOPT-DRC" Name="LAB6_2_drc_physopted.rpt"/>
  <File Type="ROUTE-DRC" Name="LAB6_2_drc_routed.rpt"/>
  <File Type="ROUTE-DRC-PB" Name="LAB6_2_drc_routed.pb"/>
  <File Type="ROUTE-PWR" Name="LAB6_2_power_routed.rpt"/>
  <File Type="ROUTE-PWR-SUM" Name="LAB6_2_power_summary_routed.pb"/>
  <File Type="ROUTE-STATUS" Name="LAB6_2_route_status.rpt"/>
  <File Type="ROUTE-STATUS-PB" Name="LAB6_2_route_status.pb"/>
  <File Type="ROUTE-TIMINGSUMMARY" Name="LAB6_2_timing_summary_routed.rpt"/>
  <File Type="ROUTE-TIMING-PB" Name="LAB6_2_timing_summary_routed.pb"/>
  <File Type="ROUTE-TIMING-RPX" Name="LAB6_2_timing_summary_routed.rpx"/>
  <File Type="ROUTE-SIMILARITY" Name="LAB6_2_incremental_reuse_routed.rpt"/>
  <File Type="ROUTE-CLK" Name="LAB6_2_clock_utilization_routed.rpt"/>
  <File Type="POSTROUTE-PHYSOPT-DCP" Name="LAB6_2_postroute_physopt.dcp"/>
  <File Type="POSTROUTE-PHYSOPT-TIMING" Name="LAB6_2_timing_summary_postroute_physopted.rpt"/>
  <File Type="POSTROUTE-PHYSOPT-TIMING-PB" Name="LAB6_2_timing_summary_postroute_physopted.pb"/>
  <File Type="POSTROUTE-PHYSOPT-TIMING-RPX" Name="LAB6_2_timing_summary_postroute_physopted.rpx"/>
  <File Type="BG-BIT" Name="LAB6_2.bit"/>
  <File Type="BG-BIN" Name="LAB6_2.bin"/>
  <File Type="BITSTR-MSK" Name="LAB6_2.msk"/>
  <File Type="BITSTR-RBT" Name="LAB6_2.rbt"/>
  <File Type="BITSTR-NKY" Name="LAB6_2.nky"/>
  <File Type="BITSTR-BMM" Name="LAB6_2_bd.bmm"/>
  <File Type="BITSTR-MMI" Name="LAB6_2.mmi"/>
  <File Type="BITSTR-SYSDEF" Name="LAB6_2.sysdef"/>
  <File Type="BG-BGN" Name="LAB6_2.bgn"/>
  <File Type="BG-DRC" Name="LAB6_2.drc"/>
  <File Type="WBT-USG" Name="usage_statistics_webtalk.html"/>
  <FileSet Name="sources" Type="DesignSrcs" RelSrcDir="$PSRCDIR/sources_1">
    <Filter Type="Srcs"/>
    <File Path="$PSRCDIR/sources_1/new/LAB6_2.v">
      <FileInfo>
        <Attr Name="UsedIn" Val="synthesis"/>
        <Attr Name="UsedIn" Val="implementation"/>
        <Attr Name="UsedIn" Val="simulation"/>
      </FileInfo>
    </File>
    <Config>
      <Option Name="DesignMode" Val="RTL"/>
      <Option Name="TopModule" Val="LAB6_2"/>
      <Option Name="TopAutoSet" Val="TRUE"/>
    </Config>
  </FileSet>
  <FileSet Name="constrs_in" Type="Constrs" RelSrcDir="$PSRCDIR/constrs_1">
    <Filter Type="Constrs"/>
    <File Path="$PSRCDIR/constrs_1/new/LAB6_2.xdc">
      <FileInfo>
        <Attr Name="UsedIn" Val="synthesis"/>
        <Attr Name="UsedIn" Val="implementation"/>
      </FileInfo>
    </File>
    <Config>
      <Option Name="ConstrsType" Val="XDC"/>
    </Config>
  </FileSet>
  <Strategy Version="1" Minor="2">
    <StratHandle Name="Vivado Implementation Defaults" Flow="Vivado Implementation 2015"/>
    <Step Id="init_design"/>
    <Step Id="opt_design"/>
    <Step Id="power_opt_design"/>
    <Step Id="place_design"/>
    <Step Id="post_place_power_opt_design"/>
    <Step Id="phys_opt_design"/>
    <Step Id="route_design"/>
    <Step Id="post_route_phys_opt_design"/>
    <Step Id="write_bitstream"/>
  </Strategy>
</GenRun>
