<?xml version="1.0" encoding="UTF-8"?>
<GenRun Id="impl_1" LaunchPart="xc7a100tcsg324-1" LaunchTime="1487121990">
  <File Type="OPT-DCP" Name="Button_opt.dcp"/>
  <File Type="RUN-CONSTRS" Name="$PDATADIR/runs/impl_1/constrs_in.xml"/>
  <File Type="RUN-SRCS" Name="$PDATADIR/runs/impl_1/sources.xml"/>
  <File Type="ROUTE-DCP" Name="Button_routed.dcp"/>
  <File Type="PA-TCL" Name="Button.tcl"/>
  <File Type="RUN-STRAT" Name="$PDATADIR/runs/impl_1/impl_1.psg"/>
  <File Type="OPT-DRC" Name="Button_drc_opted.rpt"/>
  <File Type="INIT-TIMING" Name="Button_timing_summary_init.rpt"/>
  <File Type="OPT-TIMING" Name="Button_timing_summary_opted.rpt"/>
  <File Type="OPT-HWDEF" Name="Button.hwdef"/>
  <File Type="PWROPT-DCP" Name="Button_pwropt.dcp"/>
  <File Type="PWROPT-DRC" Name="Button_drc_pwropted.rpt"/>
  <File Type="PWROPT-TIMING" Name="Button_timing_summary_pwropted.rpt"/>
  <File Type="PLACE-DCP" Name="Button_placed.dcp"/>
  <File Type="PLACE-IO" Name="Button_io_placed.rpt"/>
  <File Type="PLACE-CLK" Name="Button_clock_utilization_placed.rpt"/>
  <File Type="PLACE-UTIL" Name="Button_utilization_placed.rpt"/>
  <File Type="PLACE-UTIL-PB" Name="Button_utilization_placed.pb"/>
  <File Type="PLACE-CTRL" Name="Button_control_sets_placed.rpt"/>
  <File Type="PLACE-SIMILARITY" Name="Button_incremental_reuse_placed.rpt"/>
  <File Type="PLACE-PRE-SIMILARITY" Name="Button_incremental_reuse_pre_placed.rpt"/>
  <File Type="PLACE-TIMING" Name="Button_timing_summary_placed.rpt"/>
  <File Type="POSTPLACE-PWROPT-DCP" Name="Button_postplace_pwropt.dcp"/>
  <File Type="POSTPLACE-PWROPT-TIMING" Name="Button_timing_summary_postplace_pwropted.rpt"/>
  <File Type="PHYSOPT-DCP" Name="Button_physopt.dcp"/>
  <File Type="RDI-RDI" Name="Button.vdi"/>
  <File Type="PHYSOPT-DRC" Name="Button_drc_physopted.rpt"/>
  <File Type="PHYSOPT-TIMING" Name="Button_timing_summary_physopted.rpt"/>
  <File Type="ROUTE-DRC" Name="Button_drc_routed.rpt"/>
  <File Type="ROUTE-DRC-PB" Name="Button_drc_routed.pb"/>
  <File Type="ROUTE-PWR" Name="Button_power_routed.rpt"/>
  <File Type="ROUTE-PWR-SUM" Name="Button_power_summary_routed.pb"/>
  <File Type="ROUTE-STATUS" Name="Button_route_status.rpt"/>
  <File Type="ROUTE-STATUS-PB" Name="Button_route_status.pb"/>
  <File Type="ROUTE-TIMINGSUMMARY" Name="Button_timing_summary_routed.rpt"/>
  <File Type="ROUTE-TIMING-PB" Name="Button_timing_summary_routed.pb"/>
  <File Type="ROUTE-TIMING-RPX" Name="Button_timing_summary_routed.rpx"/>
  <File Type="ROUTE-SIMILARITY" Name="Button_incremental_reuse_routed.rpt"/>
  <File Type="ROUTE-CLK" Name="Button_clock_utilization_routed.rpt"/>
  <File Type="POSTROUTE-PHYSOPT-DCP" Name="Button_postroute_physopt.dcp"/>
  <File Type="POSTROUTE-PHYSOPT-TIMING" Name="Button_timing_summary_postroute_physopted.rpt"/>
  <File Type="POSTROUTE-PHYSOPT-TIMING-PB" Name="Button_timing_summary_postroute_physopted.pb"/>
  <File Type="POSTROUTE-PHYSOPT-TIMING-RPX" Name="Button_timing_summary_postroute_physopted.rpx"/>
  <File Type="BG-BIT" Name="Button.bit"/>
  <File Type="BG-BIN" Name="Button.bin"/>
  <File Type="BITSTR-MSK" Name="Button.msk"/>
  <File Type="BITSTR-RBT" Name="Button.rbt"/>
  <File Type="BITSTR-NKY" Name="Button.nky"/>
  <File Type="BITSTR-BMM" Name="Button_bd.bmm"/>
  <File Type="BITSTR-MMI" Name="Button.mmi"/>
  <File Type="BITSTR-SYSDEF" Name="Button.sysdef"/>
  <File Type="BG-BGN" Name="Button.bgn"/>
  <File Type="BG-DRC" Name="Button.drc"/>
  <File Type="WBT-USG" Name="usage_statistics_webtalk.html"/>
  <FileSet Name="sources" Type="DesignSrcs" RelSrcDir="$PSRCDIR/sources_1">
    <Filter Type="Srcs"/>
    <File Path="$PSRCDIR/sources_1/new/Button.v">
      <FileInfo>
        <Attr Name="UsedIn" Val="synthesis"/>
        <Attr Name="UsedIn" Val="implementation"/>
        <Attr Name="UsedIn" Val="simulation"/>
      </FileInfo>
    </File>
    <Config>
      <Option Name="DesignMode" Val="RTL"/>
      <Option Name="TopModule" Val="Button"/>
      <Option Name="TopAutoSet" Val="TRUE"/>
    </Config>
  </FileSet>
  <FileSet Name="constrs_in" Type="Constrs" RelSrcDir="$PSRCDIR/constrs_1">
    <Filter Type="Constrs"/>
    <File Path="$PSRCDIR/constrs_1/imports/Documents/Nexys4DDR_Master.xdc">
      <FileInfo>
        <Attr Name="ImportPath" Val="$PPRDIR/../Nexys4DDR_Master.xdc"/>
        <Attr Name="ImportTime" Val="1418199484"/>
        <Attr Name="UsedIn" Val="synthesis"/>
        <Attr Name="UsedIn" Val="implementation"/>
      </FileInfo>
    </File>
    <Config>
      <Option Name="ConstrsType" Val="XDC"/>
    </Config>
  </FileSet>
  <Strategy Version="1" Minor="2">
    <StratHandle Name="Vivado Implementation Defaults" Flow="Vivado Implementation 2015">
      <Desc>Vivado Implementation Defaults</Desc>
    </StratHandle>
    <Step Id="init_design"/>
    <Step Id="opt_design"/>
    <Step Id="power_opt_design"/>
    <Step Id="place_design"/>
    <Step Id="post_place_power_opt_design"/>
    <Step Id="phys_opt_design"/>
    <Step Id="route_design"/>
    <Step Id="post_route_phys_opt_design"/>
    <Step Id="write_bitstream"/>
  </Strategy>
</GenRun>
