<?xml version="1.0" encoding="UTF-8"?>
<GenRun Id="impl_1" LaunchPart="xc7a100tcsg324-1" LaunchTime="1488801702">
  <File Type="OPT-DCP" Name="mux7seg_opt.dcp"/>
  <File Type="RUN-CONSTRS" Name="$PDATADIR/runs/impl_1/constrs_in.xml"/>
  <File Type="RUN-SRCS" Name="$PDATADIR/runs/impl_1/sources.xml"/>
  <File Type="ROUTE-DCP" Name="mux7seg_routed.dcp"/>
  <File Type="PA-TCL" Name="mux7seg.tcl"/>
  <File Type="RUN-STRAT" Name="$PDATADIR/runs/impl_1/impl_1.psg"/>
  <File Type="OPT-DRC" Name="mux7seg_drc_opted.rpt"/>
  <File Type="INIT-TIMING" Name="mux7seg_timing_summary_init.rpt"/>
  <File Type="OPT-TIMING" Name="mux7seg_timing_summary_opted.rpt"/>
  <File Type="OPT-HWDEF" Name="mux7seg.hwdef"/>
  <File Type="PWROPT-DCP" Name="mux7seg_pwropt.dcp"/>
  <File Type="PWROPT-DRC" Name="mux7seg_drc_pwropted.rpt"/>
  <File Type="PWROPT-TIMING" Name="mux7seg_timing_summary_pwropted.rpt"/>
  <File Type="PLACE-DCP" Name="mux7seg_placed.dcp"/>
  <File Type="PLACE-IO" Name="mux7seg_io_placed.rpt"/>
  <File Type="PLACE-CLK" Name="mux7seg_clock_utilization_placed.rpt"/>
  <File Type="PLACE-UTIL" Name="mux7seg_utilization_placed.rpt"/>
  <File Type="PLACE-UTIL-PB" Name="mux7seg_utilization_placed.pb"/>
  <File Type="PLACE-CTRL" Name="mux7seg_control_sets_placed.rpt"/>
  <File Type="PLACE-SIMILARITY" Name="mux7seg_incremental_reuse_placed.rpt"/>
  <File Type="PLACE-PRE-SIMILARITY" Name="mux7seg_incremental_reuse_pre_placed.rpt"/>
  <File Type="PLACE-TIMING" Name="mux7seg_timing_summary_placed.rpt"/>
  <File Type="POSTPLACE-PWROPT-DCP" Name="mux7seg_postplace_pwropt.dcp"/>
  <File Type="POSTPLACE-PWROPT-TIMING" Name="mux7seg_timing_summary_postplace_pwropted.rpt"/>
  <File Type="PHYSOPT-DCP" Name="mux7seg_physopt.dcp"/>
  <File Type="RDI-RDI" Name="mux7seg.vdi"/>
  <File Type="PHYSOPT-DRC" Name="mux7seg_drc_physopted.rpt"/>
  <File Type="PHYSOPT-TIMING" Name="mux7seg_timing_summary_physopted.rpt"/>
  <File Type="ROUTE-DRC" Name="mux7seg_drc_routed.rpt"/>
  <File Type="ROUTE-DRC-PB" Name="mux7seg_drc_routed.pb"/>
  <File Type="ROUTE-PWR" Name="mux7seg_power_routed.rpt"/>
  <File Type="ROUTE-PWR-SUM" Name="mux7seg_power_summary_routed.pb"/>
  <File Type="ROUTE-STATUS" Name="mux7seg_route_status.rpt"/>
  <File Type="ROUTE-STATUS-PB" Name="mux7seg_route_status.pb"/>
  <File Type="ROUTE-TIMINGSUMMARY" Name="mux7seg_timing_summary_routed.rpt"/>
  <File Type="ROUTE-TIMING-PB" Name="mux7seg_timing_summary_routed.pb"/>
  <File Type="ROUTE-TIMING-RPX" Name="mux7seg_timing_summary_routed.rpx"/>
  <File Type="ROUTE-SIMILARITY" Name="mux7seg_incremental_reuse_routed.rpt"/>
  <File Type="ROUTE-CLK" Name="mux7seg_clock_utilization_routed.rpt"/>
  <File Type="POSTROUTE-PHYSOPT-DCP" Name="mux7seg_postroute_physopt.dcp"/>
  <File Type="POSTROUTE-PHYSOPT-TIMING" Name="mux7seg_timing_summary_postroute_physopted.rpt"/>
  <File Type="POSTROUTE-PHYSOPT-TIMING-PB" Name="mux7seg_timing_summary_postroute_physopted.pb"/>
  <File Type="POSTROUTE-PHYSOPT-TIMING-RPX" Name="mux7seg_timing_summary_postroute_physopted.rpx"/>
  <File Type="BG-BIT" Name="mux7seg.bit"/>
  <File Type="BG-BIN" Name="mux7seg.bin"/>
  <File Type="BITSTR-MSK" Name="mux7seg.msk"/>
  <File Type="BITSTR-RBT" Name="mux7seg.rbt"/>
  <File Type="BITSTR-NKY" Name="mux7seg.nky"/>
  <File Type="BITSTR-BMM" Name="mux7seg_bd.bmm"/>
  <File Type="BITSTR-MMI" Name="mux7seg.mmi"/>
  <File Type="BITSTR-SYSDEF" Name="mux7seg.sysdef"/>
  <File Type="BG-BGN" Name="mux7seg.bgn"/>
  <File Type="BG-DRC" Name="mux7seg.drc"/>
  <File Type="WBT-USG" Name="usage_statistics_webtalk.html"/>
  <FileSet Name="sources" Type="DesignSrcs" RelSrcDir="$PSRCDIR/sources_1">
    <Filter Type="Srcs"/>
    <File Path="$PSRCDIR/sources_1/new/mux7seg.v">
      <FileInfo>
        <Attr Name="UsedIn" Val="synthesis"/>
        <Attr Name="UsedIn" Val="implementation"/>
        <Attr Name="UsedIn" Val="simulation"/>
      </FileInfo>
    </File>
    <Config>
      <Option Name="DesignMode" Val="RTL"/>
      <Option Name="TopModule" Val="mux7seg"/>
      <Option Name="TopAutoSet" Val="TRUE"/>
    </Config>
  </FileSet>
  <FileSet Name="constrs_in" Type="Constrs" RelSrcDir="$PSRCDIR/constrs_1">
    <Filter Type="Constrs"/>
    <File Path="$PSRCDIR/constrs_1/imports/01 XUP Nexys4 DDR Board/Nexys4DDR_Master.xdc">
      <FileInfo>
        <Attr Name="ImportPath" Val="D:/_2016xgsun/2016复旦课程/06 计算机系统结构实验/_20160416Xilinx培训+资料/01 XUP Nexys4 DDR Board/Nexys4DDR_Master.xdc"/>
        <Attr Name="ImportTime" Val="1418199484"/>
        <Attr Name="UsedIn" Val="synthesis"/>
        <Attr Name="UsedIn" Val="implementation"/>
      </FileInfo>
    </File>
    <Config>
      <Option Name="ConstrsType" Val="XDC"/>
    </Config>
  </FileSet>
  <Strategy Version="1" Minor="2">
    <StratHandle Name="Vivado Implementation Defaults" Flow="Vivado Implementation 2015"/>
    <Step Id="init_design"/>
    <Step Id="opt_design"/>
    <Step Id="power_opt_design"/>
    <Step Id="place_design"/>
    <Step Id="post_place_power_opt_design"/>
    <Step Id="phys_opt_design"/>
    <Step Id="route_design"/>
    <Step Id="post_route_phys_opt_design"/>
    <Step Id="write_bitstream"/>
  </Strategy>
</GenRun>
