<?xml version="1.0" encoding="UTF-8"?>
<GenRun Id="iRom_synth_1" LaunchPart="xc7a100tcsg324-1" LaunchTime="1486600632">
  <File Type="RDS-DCP" Name="iRom.dcp"/>
  <File Type="RUN-CONSTRS" Name="$PDATADIR/runs/iRom_synth_1/constrs_in.xml"/>
  <File Type="RDS-UTIL-PB" Name="iRom_utilization_synth.pb"/>
  <File Type="RUN-SRCS" Name="$PDATADIR/runs/iRom_synth_1/sources.xml"/>
  <File Type="RDS-PROPCONSTRS" Name="iRom_drc_synth.rpt"/>
  <File Type="PA-TCL" Name="iRom.tcl"/>
  <File Type="RUN-STRAT" Name="$PDATADIR/runs/iRom_synth_1/iRom_synth_1.psg"/>
  <File Type="RDS-RDS" Name="iRom.vds"/>
  <File Type="RDS-UTIL" Name="iRom_utilization_synth.rpt"/>
  <File Type="VDS-TIMINGSUMMARY" Name="iRom_timing_summary_synth.rpt"/>
  <File Type="VDS-TIMING-PB" Name="iRom_timing_summary_synth.pb"/>
  <FileSet Name="sources" Type="BlockSrcs" RelSrcDir="$PSRCDIR/iRom">
    <File Path="$PSRCDIR/sources_1/ip/iRom/iRom.xci">
      <FileInfo>
        <Attr Name="UsedIn" Val="synthesis"/>
        <Attr Name="UsedIn" Val="implementation"/>
        <Attr Name="UsedIn" Val="simulation"/>
      </FileInfo>
    </File>
    <Config>
      <Option Name="TopModule" Val="iRom"/>
      <Option Name="UseBlackboxStub" Val="1"/>
    </Config>
  </FileSet>
  <FileSet Name="constrs_in" Type="BlockSrcs" RelSrcDir="$PSRCDIR/iRom">
    <File Path="$PSRCDIR/sources_1/ip/iRom/iRom.xci">
      <FileInfo>
        <Attr Name="UsedIn" Val="synthesis"/>
        <Attr Name="UsedIn" Val="implementation"/>
        <Attr Name="UsedIn" Val="simulation"/>
      </FileInfo>
    </File>
    <Config>
      <Option Name="TopModule" Val="iRom"/>
      <Option Name="UseBlackboxStub" Val="1"/>
    </Config>
  </FileSet>
  <Strategy Version="1" Minor="2">
    <StratHandle Name="Vivado Synthesis Defaults" Flow="Vivado Synthesis 2015">
      <Desc>Vivado Synthesis Defaults</Desc>
    </StratHandle>
    <Step Id="synth_design"/>
  </Strategy>
</GenRun>
