<?xml version="1.0" encoding="UTF-8"?>
<GenRun Id="impl_1" LaunchPart="xc7a100tcsg324-1" LaunchTime="1487919127">
  <File Type="OPT-DCP" Name="PmodKYPD_opt.dcp"/>
  <File Type="RUN-CONSTRS" Name="$PDATADIR/runs/impl_1/constrs_in.xml"/>
  <File Type="RUN-SRCS" Name="$PDATADIR/runs/impl_1/sources.xml"/>
  <File Type="ROUTE-DCP" Name="PmodKYPD_routed.dcp"/>
  <File Type="PA-TCL" Name="PmodKYPD.tcl"/>
  <File Type="RUN-STRAT" Name="$PDATADIR/runs/impl_1/impl_1.psg"/>
  <File Type="OPT-DRC" Name="PmodKYPD_drc_opted.rpt"/>
  <File Type="INIT-TIMING" Name="PmodKYPD_timing_summary_init.rpt"/>
  <File Type="OPT-TIMING" Name="PmodKYPD_timing_summary_opted.rpt"/>
  <File Type="OPT-HWDEF" Name="PmodKYPD.hwdef"/>
  <File Type="PWROPT-DCP" Name="PmodKYPD_pwropt.dcp"/>
  <File Type="PWROPT-DRC" Name="PmodKYPD_drc_pwropted.rpt"/>
  <File Type="PWROPT-TIMING" Name="PmodKYPD_timing_summary_pwropted.rpt"/>
  <File Type="PLACE-DCP" Name="PmodKYPD_placed.dcp"/>
  <File Type="PLACE-IO" Name="PmodKYPD_io_placed.rpt"/>
  <File Type="PLACE-CLK" Name="PmodKYPD_clock_utilization_placed.rpt"/>
  <File Type="PLACE-UTIL" Name="PmodKYPD_utilization_placed.rpt"/>
  <File Type="PLACE-UTIL-PB" Name="PmodKYPD_utilization_placed.pb"/>
  <File Type="PLACE-CTRL" Name="PmodKYPD_control_sets_placed.rpt"/>
  <File Type="PLACE-SIMILARITY" Name="PmodKYPD_incremental_reuse_placed.rpt"/>
  <File Type="PLACE-PRE-SIMILARITY" Name="PmodKYPD_incremental_reuse_pre_placed.rpt"/>
  <File Type="PLACE-TIMING" Name="PmodKYPD_timing_summary_placed.rpt"/>
  <File Type="POSTPLACE-PWROPT-DCP" Name="PmodKYPD_postplace_pwropt.dcp"/>
  <File Type="POSTPLACE-PWROPT-TIMING" Name="PmodKYPD_timing_summary_postplace_pwropted.rpt"/>
  <File Type="PHYSOPT-DCP" Name="PmodKYPD_physopt.dcp"/>
  <File Type="RDI-RDI" Name="PmodKYPD.vdi"/>
  <File Type="PHYSOPT-DRC" Name="PmodKYPD_drc_physopted.rpt"/>
  <File Type="PHYSOPT-TIMING" Name="PmodKYPD_timing_summary_physopted.rpt"/>
  <File Type="ROUTE-DRC" Name="PmodKYPD_drc_routed.rpt"/>
  <File Type="ROUTE-DRC-PB" Name="PmodKYPD_drc_routed.pb"/>
  <File Type="ROUTE-PWR" Name="PmodKYPD_power_routed.rpt"/>
  <File Type="ROUTE-PWR-SUM" Name="PmodKYPD_power_summary_routed.pb"/>
  <File Type="ROUTE-STATUS" Name="PmodKYPD_route_status.rpt"/>
  <File Type="ROUTE-STATUS-PB" Name="PmodKYPD_route_status.pb"/>
  <File Type="ROUTE-TIMINGSUMMARY" Name="PmodKYPD_timing_summary_routed.rpt"/>
  <File Type="ROUTE-TIMING-PB" Name="PmodKYPD_timing_summary_routed.pb"/>
  <File Type="ROUTE-TIMING-RPX" Name="PmodKYPD_timing_summary_routed.rpx"/>
  <File Type="ROUTE-SIMILARITY" Name="PmodKYPD_incremental_reuse_routed.rpt"/>
  <File Type="ROUTE-CLK" Name="PmodKYPD_clock_utilization_routed.rpt"/>
  <File Type="POSTROUTE-PHYSOPT-DCP" Name="PmodKYPD_postroute_physopt.dcp"/>
  <File Type="POSTROUTE-PHYSOPT-TIMING" Name="PmodKYPD_timing_summary_postroute_physopted.rpt"/>
  <File Type="POSTROUTE-PHYSOPT-TIMING-PB" Name="PmodKYPD_timing_summary_postroute_physopted.pb"/>
  <File Type="POSTROUTE-PHYSOPT-TIMING-RPX" Name="PmodKYPD_timing_summary_postroute_physopted.rpx"/>
  <File Type="BG-BIT" Name="PmodKYPD.bit"/>
  <File Type="BG-BIN" Name="PmodKYPD.bin"/>
  <File Type="BITSTR-MSK" Name="PmodKYPD.msk"/>
  <File Type="BITSTR-RBT" Name="PmodKYPD.rbt"/>
  <File Type="BITSTR-NKY" Name="PmodKYPD.nky"/>
  <File Type="BITSTR-BMM" Name="PmodKYPD_bd.bmm"/>
  <File Type="BITSTR-MMI" Name="PmodKYPD.mmi"/>
  <File Type="BITSTR-SYSDEF" Name="PmodKYPD.sysdef"/>
  <File Type="BG-BGN" Name="PmodKYPD.bgn"/>
  <File Type="BG-DRC" Name="PmodKYPD.drc"/>
  <File Type="WBT-USG" Name="usage_statistics_webtalk.html"/>
  <FileSet Name="sources" Type="DesignSrcs" RelSrcDir="$PSRCDIR/sources_1">
    <Filter Type="Srcs"/>
    <File Path="$PSRCDIR/sources_1/imports/PmodKYPD_Demo/Decoder.v">
      <FileInfo>
        <Attr Name="ImportPath" Val="D:/_2016xgsun/2016复旦课程/06 计算机系统结构实验/_2017课件/资料+示例代码/PmodKYPD/pmodkypd_demo_verilog/PmodKYPD_Demo/Decoder.v"/>
        <Attr Name="ImportTime" Val="1343085553"/>
        <Attr Name="UsedIn" Val="synthesis"/>
        <Attr Name="UsedIn" Val="implementation"/>
        <Attr Name="UsedIn" Val="simulation"/>
      </FileInfo>
    </File>
    <File Path="$PSRCDIR/sources_1/imports/PmodKYPD_Demo/DisplayController.v">
      <FileInfo>
        <Attr Name="ImportPath" Val="D:/_2016xgsun/2016复旦课程/06 计算机系统结构实验/_2017课件/资料+示例代码/PmodKYPD/pmodkypd_demo_verilog/PmodKYPD_Demo/DisplayController.v"/>
        <Attr Name="ImportTime" Val="1343085461"/>
        <Attr Name="UsedIn" Val="synthesis"/>
        <Attr Name="UsedIn" Val="implementation"/>
        <Attr Name="UsedIn" Val="simulation"/>
      </FileInfo>
    </File>
    <File Path="$PSRCDIR/sources_1/imports/PmodKYPD_Demo/PmodKYPD.v">
      <FileInfo>
        <Attr Name="ImportPath" Val="D:/_2016xgsun/2016复旦课程/06 计算机系统结构实验/_2017课件/资料+示例代码/PmodKYPD/pmodkypd_demo_verilog/PmodKYPD_Demo/PmodKYPD.v"/>
        <Attr Name="ImportTime" Val="1343085978"/>
        <Attr Name="UsedIn" Val="synthesis"/>
        <Attr Name="UsedIn" Val="implementation"/>
        <Attr Name="UsedIn" Val="simulation"/>
      </FileInfo>
    </File>
    <Config>
      <Option Name="DesignMode" Val="RTL"/>
      <Option Name="TopModule" Val="PmodKYPD"/>
      <Option Name="TopAutoSet" Val="TRUE"/>
    </Config>
  </FileSet>
  <FileSet Name="constrs_in" Type="Constrs" RelSrcDir="$PSRCDIR/constrs_1">
    <Filter Type="Constrs"/>
    <File Path="$PSRCDIR/constrs_1/imports/01 XUP Nexys4 DDR Board/Nexys4DDR_Master.xdc">
      <FileInfo>
        <Attr Name="ImportPath" Val="D:/_2016xgsun/2016复旦课程/06 计算机系统结构实验/_20160416Xilinx培训+资料/01 XUP Nexys4 DDR Board/Nexys4DDR_Master.xdc"/>
        <Attr Name="ImportTime" Val="1418199484"/>
        <Attr Name="UsedIn" Val="synthesis"/>
        <Attr Name="UsedIn" Val="implementation"/>
      </FileInfo>
    </File>
    <Config>
      <Option Name="ConstrsType" Val="XDC"/>
    </Config>
  </FileSet>
  <Strategy Version="1" Minor="2">
    <StratHandle Name="Vivado Implementation Defaults" Flow="Vivado Implementation 2015">
      <Desc>Vivado Implementation Defaults</Desc>
    </StratHandle>
    <Step Id="init_design"/>
    <Step Id="opt_design"/>
    <Step Id="power_opt_design"/>
    <Step Id="place_design"/>
    <Step Id="post_place_power_opt_design"/>
    <Step Id="phys_opt_design"/>
    <Step Id="route_design"/>
    <Step Id="post_route_phys_opt_design"/>
    <Step Id="write_bitstream"/>
  </Strategy>
</GenRun>
