<?xml version="1.0" encoding="UTF-8"?>
<GenRun Id="synth_1" LaunchPart="xc7a100tcsg324-1" LaunchTime="1487919127">
  <File Type="RDS-DCP" Name="PmodKYPD.dcp"/>
  <File Type="RUN-CONSTRS" Name="$PDATADIR/runs/synth_1/constrs_in.xml"/>
  <File Type="RDS-UTIL-PB" Name="PmodKYPD_utilization_synth.pb"/>
  <File Type="RUN-SRCS" Name="$PDATADIR/runs/synth_1/sources.xml"/>
  <File Type="RDS-PROPCONSTRS" Name="PmodKYPD_drc_synth.rpt"/>
  <File Type="PA-TCL" Name="PmodKYPD.tcl"/>
  <File Type="RUN-STRAT" Name="$PDATADIR/runs/synth_1/synth_1.psg"/>
  <File Type="RDS-RDS" Name="PmodKYPD.vds"/>
  <File Type="RDS-UTIL" Name="PmodKYPD_utilization_synth.rpt"/>
  <File Type="VDS-TIMINGSUMMARY" Name="PmodKYPD_timing_summary_synth.rpt"/>
  <File Type="VDS-TIMING-PB" Name="PmodKYPD_timing_summary_synth.pb"/>
  <FileSet Name="sources" Type="DesignSrcs" RelSrcDir="$PSRCDIR/sources_1">
    <Filter Type="Srcs"/>
    <File Path="$PSRCDIR/sources_1/imports/PmodKYPD_Demo/Decoder.v">
      <FileInfo>
        <Attr Name="ImportPath" Val="D:/_2016xgsun/2016复旦课程/06 计算机系统结构实验/_2017课件/资料+示例代码/PmodKYPD/pmodkypd_demo_verilog/PmodKYPD_Demo/Decoder.v"/>
        <Attr Name="ImportTime" Val="1343085553"/>
        <Attr Name="UsedIn" Val="synthesis"/>
        <Attr Name="UsedIn" Val="implementation"/>
        <Attr Name="UsedIn" Val="simulation"/>
      </FileInfo>
    </File>
    <File Path="$PSRCDIR/sources_1/imports/PmodKYPD_Demo/DisplayController.v">
      <FileInfo>
        <Attr Name="ImportPath" Val="D:/_2016xgsun/2016复旦课程/06 计算机系统结构实验/_2017课件/资料+示例代码/PmodKYPD/pmodkypd_demo_verilog/PmodKYPD_Demo/DisplayController.v"/>
        <Attr Name="ImportTime" Val="1343085461"/>
        <Attr Name="UsedIn" Val="synthesis"/>
        <Attr Name="UsedIn" Val="implementation"/>
        <Attr Name="UsedIn" Val="simulation"/>
      </FileInfo>
    </File>
    <File Path="$PSRCDIR/sources_1/imports/PmodKYPD_Demo/PmodKYPD.v">
      <FileInfo>
        <Attr Name="ImportPath" Val="D:/_2016xgsun/2016复旦课程/06 计算机系统结构实验/_2017课件/资料+示例代码/PmodKYPD/pmodkypd_demo_verilog/PmodKYPD_Demo/PmodKYPD.v"/>
        <Attr Name="ImportTime" Val="1343085978"/>
        <Attr Name="UsedIn" Val="synthesis"/>
        <Attr Name="UsedIn" Val="implementation"/>
        <Attr Name="UsedIn" Val="simulation"/>
      </FileInfo>
    </File>
    <Config>
      <Option Name="DesignMode" Val="RTL"/>
      <Option Name="TopModule" Val="PmodKYPD"/>
      <Option Name="TopAutoSet" Val="TRUE"/>
    </Config>
  </FileSet>
  <FileSet Name="constrs_in" Type="Constrs" RelSrcDir="$PSRCDIR/constrs_1">
    <Filter Type="Constrs"/>
    <File Path="$PSRCDIR/constrs_1/imports/01 XUP Nexys4 DDR Board/Nexys4DDR_Master.xdc">
      <FileInfo>
        <Attr Name="ImportPath" Val="D:/_2016xgsun/2016复旦课程/06 计算机系统结构实验/_20160416Xilinx培训+资料/01 XUP Nexys4 DDR Board/Nexys4DDR_Master.xdc"/>
        <Attr Name="ImportTime" Val="1418199484"/>
        <Attr Name="UsedIn" Val="synthesis"/>
        <Attr Name="UsedIn" Val="implementation"/>
      </FileInfo>
    </File>
    <Config>
      <Option Name="ConstrsType" Val="XDC"/>
    </Config>
  </FileSet>
  <Strategy Version="1" Minor="2">
    <StratHandle Name="Vivado Synthesis Defaults" Flow="Vivado Synthesis 2015">
      <Desc>Vivado Synthesis Defaults</Desc>
    </StratHandle>
    <Step Id="synth_design"/>
  </Strategy>
</GenRun>
